Page_Number,Search_Result,Search_Result_Title,Search_Result_URL,Search_Result_Description
1,1,Machine Learning Introduction: A Comprehensive Guide | by ...,https://towardsdatascience.com/machine-learning-introduction-a-comprehensive-guide-af6712cf68a3,Creatingacomprehesiveguidetowardsmachine learningtheory and intuition. Sharing and explaining ...
1,2,Machine learning with Python: The comprehensive guide to ...,https://www.amazon.in/Machine-learning-Python-comprehensive-intelligence-ebook/dp/B08K3QL87R,Machine learningwithPython: Thecomprehensive guideto learn and improvePythonprogramming forMachine learning.Artificial intelligencesections with ...
1,3,Machine Learning with Python: Comprehensive Guide of Tips ...,https://www.amazon.in/Machine-Learning-Python-Comprehensive-Theories-ebook/dp/B082T21LGZ,"Machine LearningwithPython:Comprehensive Guideof Tips and Tricks of usingMachine LearningTheories withPythoneBook: Williams, Ethan: Amazon.in: ..."
1,4,A Comprehensive Guide to Learn Data Exploration in Python!,https://www.analyticsvidhya.com/blog/2020/11/a-comprehensive-guide-to-learn-the-data-exploration-in-python/,"02-Nov-2020 —AComprehensive Guideto Learn Data Exploration inPython! ... Often, day to day work of data scientists involvelearningmultiple algorithms and ... Making adeepcopy of a dataframe prevents the changes made in the new ..."
1,5,A Comprehensive Guide to Machine Learning Development ...,https://medium.com/@Oodles_ai/a-comprehensive-guide-to-machine-learning-development-43801e948a12,Machine Learningisaway of analyzing data and automates the analytical model building. It isabranch ofArtificial Intelligencethat deals with the idea that ...
1,6,Comprehensive Guide to Machine Learning (Part 3 of 3) | by ...,https://medium.com/analytics-vidhya/comprehensive-guide-to-machine-learning-part-3-of-3-907cd1dd41dd,"03-Sep-2020 —Sklearnpythonlibrary provides two cross-validation functionalities, which are as listed below. K-Fold: For regression and balanced classification ..."
1,7,Machine Learning: 4 Books in 1: Basic ... - Amazon.com,https://www.amazon.com/Machine-Learning-Intelligence-Programming-Comprehensive-ebook/dp/B086KQMFT5,BuyMachine Learning: 4 Books in 1: Basic Concepts +Artificial Intelligence+PythonProgramming +Python Machine Learning. AComprehensive Guideto ...
1,8,Introduction to Machine Learning with Python: A Guide for ...,https://www.amazon.com/Introduction-Machine-Learning-Python-Scientists/dp/1449369413,"Introduction toMachine LearningwithPython:A Guidefor Data Scientists [Müller, Andreas C., Guido, Sarah] on Amazon.com. *FREE* shipping on qualifying ..."
1,9,A Comprehensive Guide To Machine learning ﻿ | World-class ...,https://www.e2enetworks.com/a-comprehensive-guide-to-machine-learning-%EF%BB%BF,"21-Jan-2020 —LearnPythonfor data science. Go through all libraries used inmachine learningcoding, such as Pandas, Numpy, SKLearn, Matplotlib. Machine ..."
1,10,A Comprehensive Guide to Machine Learning - Soroush ...,http://snasiriany.me/files/ml-book.pdf,CS 189 is theMachine Learningcourse at UC Berkeley. In thisguidewe have createdacom- prehensive courseguidein order to share our knowledge with ...
2,1,Python Machine Learning: A Guide To Getting Started | Built In,https://builtin.com/artificial-intelligence/python-machine-learning-guide,"If you are interested in exploringmachine learningwithPython, this article will serve as yourguide."
2,2,What Is Machine Learning and How Does It Work?,https://learn.g2.com/machine-learning,"03-Mar-2021 —Machine learningisabranch of AI that focuses on building ... Instead of inputtinginstructions,machine learningrequires data to learn and understand ...machine-learning in Pythonisaproject that offersaweb-interface anda..."
2,3,A Comprehensive Guide On Machine Learning With Python,https://www.esparkinfo.com/machine-learning-with-python.html,Pythonis one of the finest options for cognitive technologies. This blog providesastep-by-stepguideon usingmachine LearningWithPythonin detail.
2,4,Machine Learning with Python: Comprehensive Guide of Tips ...,https://www.audible.com/pd/Machine-Learning-with-Python-Comprehensive-Guide-of-Tips-and-Tricks-of-using-Machine-Learning-Theories-with-Python-Audiobook/B08644CCY4,"DiscoverMachine LearningwithPython:Comprehensive Guideof Tips and Tricks of usingMachine LearningTheories withPythonas it's meant to be heard,..."
2,5,Complete Guide to TensorFlow for Deep Learning with Python,https://www.udemy.com/course/complete-guide-to-tensorflow-for-deep-learning-with-python/,This course willguideyou through how to use Google's TensorFlow framework to create artificialneural networksfordeep learning! This course aims to give you ...
2,6,A Comprehensive Guide to Machine Learning With Python ...,https://www.zeolearn.com/magazine/guide-to-machine-learning-with-python-training,"10-Jun-2019 —Technically speaking, ML isaprominent aspect ofartificial intelligence(AI) domain and has been in the news for quite some time now. It allows ..."
2,7,Python Power!: The Comprehensive Guide - Caribbean ...,http://www.cep.unep.org/download/2698093-file.pdf,Neural Network Projects withPython-James Loy 2019-02-28 Build your.Machine Learningportfolio by creating 6 cutting-edgeArtificial Intelligenceprojects ...
2,8,Comprehensive Guide to the Normal Distribution - KDnuggets,https://www.kdnuggets.com/2021/01/comprehensive-guide-normal-distribution.html,Comprehensive Guideto the Normal Distribution. <= Previous post ... 10PythonSkills They Don't Teach in Bootcamp Ascend to new heights in Data Science andMachine Learningwith this list of coding tips. Bio: Nicole Janeway Bills is Data ...
2,9,Machine Learning Algorithms: A Comprehensive Guide,https://www.knowledgehut.com/blog/data-science/machine-learning-algorithms,"Machine learning,asubset ofartificial intelligence, is the ability ofasystem to learn or predict the user's needs and perform an expected task without human ..."
2,10,Start Here with Machine Learning - Machine Learning Mastery,https://machinelearningmastery.com/start-here/,Yourguideto getting started and getting good at appliedmachine learningwith ...AGentle Introduction to Scikit-Learn:A Python Machine LearningLibrary.
3,1,Introduction to Machine Learning with Python [Book] - O'Reilly,https://www.oreilly.com/library/view/introduction-to-machine/9781449369880/,"If you usePython, even asabeginner, this book will teach you practical ways to build your ownmachine learningsolutions. With all the data available today, ..."
3,2,Deep Learning: A Comprehensive Guide to Python Coding ...,https://www.nowherebookshop.com/book/9781914065064,29-Nov-2020 —Deep Learning: AComprehensive GuidetoPythonCoding and ProgrammingMachine LearningandNeural Networksfor Data Analysis ...
3,3,Comprehensive Guide to Text Summarization using Deep ...,https://www.pinterest.com/pin/540713499011745326/,BuildMachine LearningModel Using TensorFlow.JS |Python. Builda machine learningmodel in your browser. In this article learn how to ...
3,4,J.P. Morgan's Comprehensive Guide on Machine Learning ...,https://www.datasciencecentral.com/profiles/blogs/j-p-morgan-s-comprehensive-guide-on-machine-learning,"21-Nov-2017 —At 280 pages, the report is too long to cover in detail, but we've pulled out the most salient points for you below. Main Points Banks will need to ..."
3,5,What is Data Science? A Comprehensive Guide for Beginners,https://www.simplilearn.com/tutorials/data-science-tutorial/what-is-data-science,Prerequisites for Data Science; Data Science Skills; Who isaData Scientist? Must-knowMachine Learning...
3,6,Python Machine Learning – Real Python,https://realpython.com/tutorials/machine-learning/,Machine learningisafield of computer science that uses statistical techniques to give computer programs the ... K-Means Clustering inPython:APracticalGuide.
3,7,‎Deep Learning: A Comprehensive Guide to Python Coding ...,https://books.apple.com/gb/audiobook/deep-learning-a-comprehensive-guide-to-python-coding/id1534929331,Deep Learning: AComprehensive GuidetoPythonCoding and ProgrammingMachine LearningandNeural Networksfor Data Analysis (Unabridged‪)‬.
3,8,Deep Learning: A Comprehensive Guide to Python Coding ...,https://www.childrensbookworld.com/book/9781914065569,23-Feb-2021 —Deep Learning: AComprehensive GuidetoPythonCoding and ProgrammingMachine LearningandNeural Networksfor Data Analysis ( ...
3,9,Artificial Intelligence With Python | Build AI Models Using ...,https://www.edureka.co/blog/artificial-intelligence-with-python/,"25-Nov-2020 —If you wish to learnPythonProgramming in depth, here are a couple of links, do give these blogs a read:PythonTutorial – AComplete Guideto ..."
3,10,parulnith/A-guide-to-Machine-Learning-in-R: A series ... - GitHub,https://github.com/parulnith/A-guide-to-Machine-Learning-in-R,"While choosing the best programming language for data science, two of the most popular languages around, R andPythoncome to mind but choosing between ..."
4,1,A Comprehensive Guide to Neural Networks – Python ...,https://pythonmachinelearning.pro/neural-networks-guide/,"18-Jan-2019 —And what happens if I layer them, right? And then that kind of helps build up from justasingle neuron over toa full,deepneural network. And so ..."
4,2,Deep Learning With Python: Comprehensive Guide of Tips ...,https://bookshop.org/books/deep-learning-with-python-comprehensive-guide-of-tips-and-tricks-using-deep-learning-with-python-theories/9781654990107,Deep LearningWithPython:Comprehensive Guideof Tips and Tricks usingDeep LearningwithPythonTheories. Ethan Williams (Author). FORMAT.
4,3,Python Machine Learning - Third Edition | Packt,https://www.packtpub.com/product/python-machine-learning-third-edition/9781789955750,"Python Machine Learning, Third Edition is acomprehensive guide to machine learninganddeep learningwithPython. It acts as both a step-by-step tutorial, and ..."
4,4,Practical Machine Learning with Python,https://library.kre.dp.ua/Books/2-4%20kurs/%D0%9F%D1%80%D0%BE%D0%B3%D1%80%D0%B0%D0%BC%D1%83%D0%B2%D0%B0%D0%BD%D0%BD%D1%8F%20%2B%20%D0%BC%D0%BE%D0%B2%D0%B8%20%D0%BF%D1%80%D0%BE%D0%B3%D1%80%D0%B0%D0%BC%D1%83%D0%B2%D0%B0%D0%BD%D0%BD%D1%8F/Python/practical-machine-learning-python-problem-solvers.pdf,PracticalMachine.LearningwithPython.AProblem-Solver'sGuideto Building. Real-World Intelligent Systems. Dipanjan Sarkar. Raghav Bali. Tushar Sharma ...
4,5,20 Best Machine Learning Books for Beginner & Experts in 2021,https://hackr.io/blog/best-machine-learning-books,Python Machine Learning:ATechnical Approach to Machine ... —Then the Introduction toMachine LearningwithPython:A Guidefor Data ...
4,6,A Comprehensive Guide to Data Preprocessing - neptune.ai,https://neptune.ai/blog/data-preprocessing-guide,"26-Nov-2020 —Autumunge isagreat tool, built asa pythonlibrary platform, that prepares tabular data for direct application ofmachine learningalgorithms."
4,7,Introducing Analytics: A Comprehensive Guide for Beginners ...,https://www.jigsawacademy.com/all-you-need-to-know-about-analytics/,"Introducing Analytics: AComprehensive Guidefor Beginners ...Deep Learning, on the other hand, is a subset ofMachine Learningthat focuses on ...Pythonis a high level programming language that was designed using simple syntax and ..."
4,8,Comprehensive Guide To Learning Rate Algorithms (With ...,https://analyticsindiamag.com/comprehensive-guide-to-learning-rate-algorithms-with-python-codes/,12-Aug-2020 —Comprehensive GuideTo Learning Rate Algorithms (WithPythonCodes) - Constant and Adaptive learning rate algorithm inMachine Learning.
4,9,Top 8 Hands-On Books For Machine Learning Practitioners,https://analyticsindiamag.com/top-books-for-machine-learning-practice-hands-on/,03-Aug-2020 —1|Deep LearningWithPythonBy François Chollet ... this practical book to present readers witha guideon how to use production-readyPython...
4,10,Introduction to Machine Learning with Python: A Guide for ...,https://www.goodreads.com/book/show/24346909-introduction-to-machine-learning-with-python,Goodreads helps you keep track of books you want to read. Start by marking “Introduction toMachine LearningwithPython:A Guidefor Data Scientists” as Want to ...
5,1,Python machine learning : machine learning and deep ...,https://biu.primo.exlibrisgroup.com/discovery/fulldisplay/alma9926520161905776/972BIU_INST:972BIU,"Python Machine Learning, Third Edition is acomprehensive guide to machine learninganddeep learningwithPython. Packed with clear explanations, ..."
5,2,A Comprehensive Guide to Titanic Machine Learning | Kaggle,https://www.kaggle.com/eraaz1/a-comprehensive-guide-to-titanic-machine-learning,py:31: DeprecationWarning: The module is deprecated in version 0.21 and will be removed in version 0.23 since we've dropped support forPython2.7. Please ...
5,3,A guide to the types of machine learning algorithms | SAS UK,https://www.sas.com/en_gb/insights/articles/analytics/machine-learning-algorithms.html,"A guide to machine learningalgorithms and their applications. The term 'machine learning' is often, incorrectly, interchanged withArtificial Intelligence[JB1] , but ..."
5,4,Mastering Machine Learning with Core ML and Python ...,https://www.appcoda.com/machine-learning-coreml/,"Now it is fully updated for Xcode 12, iOS 14, and Swift 5.3. Learn more. AComprehensive Guide to Machine Learning, Core ML ..."
5,5,Python books on Machine Learning and AI - pythonbooks.org,https://pythonbooks.org/topical-books/machine-learning-and-artifical-intelligence/,Introduction toMachine LearningwithPython:A Guidefor Data Scientists. by Andreas C. Müller. 0.9705882352941176. Popularity score [?]. 97/100. Machine...
5,6,Artificial Intelligence with Python: A Comprehensive Guide to ...,https://www.amazon.ca/Artificial-Intelligence-Python-Prateek-Joshi/dp/178646439X,"Artificial IntelligencewithPython: AComprehensive Guideto Building Intelligent Apps forPythonBeginners and Developers: Joshi, Prateek: 9781786464392: ..."
5,7,Practical Machine Learning with Python - A Problem-Solver's ...,https://www.apress.com/gp/book/9781484232064,"PracticalMachine LearningwithPython.AProblem-Solver'sGuideto Building Real-World Intelligent Systems. Authors: Sarkar, Dipanjan, Bali, Raghav, Sharma, ..."
5,8,Python Power The Comprehensive Guide - FinListics,http://finlistics.com/cgi-bin/content/view.php?q=python+power+the+comprehensive+guide+pdf&id=d5a73aefd723199a3fe97c4fc4a4587a,"Learn all about APIs (Application Programming Interfaces) in thisfull,tutorial, for beginners. You will learn what ...Machine LearningBasics | What Is Machine ..."
5,9,Machine Learning Tutorial For Complete Beginners - Great ...,https://www.mygreatlearning.com/blog/machine-learning-tutorial/,"18-Sep-2020 —Machine Learning Tutorial: Learn Examples, Advantages, ...Pythonisaversatile programming language and can run on any platform including ..."
5,10,Building Machine Learning and Deep Learning Models on ...,https://www.researchgate.net/publication/336113323_Building_Machine_Learning_and_Deep_Learning_Models_on_Google_Cloud_Platform_A_Comprehensive_Guide_for_Beginners,24-Sep-2020 —You will use thiscomprehensive guidefor building and deploying learning ... thePythonstack • Build and interpret machine anddeep learning...
6,1,A Comprehensive Guide to Learning Text Classification,https://www.digitalvidya.com/blog/text-classification/,"09-Jan-2020 —Text Classification with Support Vector Machines Source –Python Machine Learning. To put it simply, SVM drawsaline orahyperplane to ..."
6,2,Interpretable Machine Learning Book - Christoph Molnar,https://christophm.github.io/interpretable-ml-book/,Machine learningalgorithms usually operate as black boxes and it is unclear how they derived a certain decision. This book isa guidefor practitioners to make...
6,3,Time Series Analysis in Python - A Comprehensive Guide with ...,https://www.machinelearningplus.com/time-series/time-series-analysis-python/,13-Feb-2019 —Time series isasequence of observations recorded at regular time intervals. Thisguidewalks you through the process of analysing the ...
6,4,A Beginner's Guide to Python Machine Learning and Data ...,https://wiki.pathmind.com/python-ai,"Deep Learning. Keras. Keras -ahigh-levelneural networksAPI, written inPythonand capable of running on top of TensorFlow, CNTK ..."
6,5,"Every single Machine Learning course on the internet, ranked ...",https://www.freecodecamp.org/news/every-single-machine-learning-course-on-the-internet-ranked-by-your-reviews-3c4a7b8026c0/,"28-Nov-2019 —More ofaverydetailedintro toPython. Amazing course, though not ideal for the scope of thisguide. 21.5 hours of on-demand video. Cost varies ..."
6,6,Related: What is reinforcement learning? The complete guide,https://deepsense.ai/what-is-reinforcement-learning-the-complete-guide/,"05-Jul-2018 —The agent learns to achieveagoal in an uncertain, potentially complex environment. Inreinforcement learning, anartificial intelligencefacesa..."
6,7,The Comprehensive Guide for Feature Engineering – A Data ...,https://adataanalyst.com/data-analysis-resources/comprehensive-guide-feature-engineering/,11-Nov-2019 —Noise is any information that is not relevant tolearning/predicting yourultimategoal. ... Consider for examplea supervisedsystem that tries to predict traffic levels inacity asa... Encode all the categorical features inPython.
6,8,A Comprehensive Guide To Data Science With Python | Blog,https://dimensionless.in/comprehensive-guide-to-data-science-with-python/,13-May-2019 —Kaggle is the go-to site for every seriousmachine learningpractitioner. They hold competitions in data science (which haveamassive ...
6,9,100+ Free Data Science Books – LearnDataSci,https://www.learndatasci.com/free-data-science-books/,"Machine Learning– TheComplete Guide. Data Mining and Machine ... LearnPython, BreakPython: A Beginner's Guide to Programming. Languages:Python."
6,10,Top 25 Best Machine Learning Books You Should Read,https://solutionsreview.com/business-intelligence/best-machine-learning-books-you-should-read/,"08-May-2019 —“Acomprehensive guide to machine learninganddeep learningwithPython. It acts as both a step-by-step tutorial, and a reference you'll keep ..."
7,1,A Beginner's Guide to Neural Networks in Python ...,https://www.springboard.com/blog/beginners-guide-neural-network-in-python-scikit-learn-0-18/,21-Mar-2017 —The most popularmachine learninglibrary forPythonis SciKit Learn. The latest version (0.18) now has built-in support for Neural Network ...
7,2,Machine Learning - Google Tech Dev Guide,https://techdevguide.withgoogle.com/paths/machine-learning/,"Pythonis one of the most frequently used languages in data science. ... Check out thetutorialto learn about core ideas inmachine learning, createamodel, and..."
7,3,14 Best New Machine Learning Books To Read In 2021 ...,https://bookauthority.org/books/new-machine-learning-books,Acomprehensive guideto get you up to speed with the latest developments of practicalmachine learningwithPythonand upgrade your understanding of ...
7,4,Statistical Learning Using Neural Networks: A Guide for ...,https://www.routledge.com/Statistical-Learning-Using-Neural-Networks-A-Guide-for-Statisticians-and/Pereira-Rao-Oliveira/p/book/9781138364509,Statistical Learning usingNeural Networks:A Guidefor Statisticians and Data Scientists withPythonintroduces artificialneural networksstarting from the ba.
7,5,A Comprehensive Guide To Logarithmic Regression | by ...,https://heartbeat.fritz.ai/a-comprehensive-guide-to-logarithmic-regression-d619b202fc8,09-Jun-2020 —AComprehensive GuideTo Logarithmic Regression ... The future ofmachine learningis on the edge. ... (C) Using SciPy (Pythonlibrary).
7,6,In-Depth Guide to Machine Learning in the Enterprise,https://searchenterpriseai.techtarget.com/In-depth-guide-to-machine-learning-in-the-enterprise,22-Jul-2020 —Machine learningfor enterprise use is no longeranice-to-have. ... Thismachine learning guideexplains what enterprise professionals need to know ... Scikit-learn is an open source library ofPythoncode modules that allow ...
7,7,Decoding Advanced Loss Functions in Machine Learning: A ...,https://www.dexlabanalytics.com/blog/decoding-advanced-loss-functions-in-machine-learning-a-comprehensive-guide,"31-Dec-2019 —Machine Learningis scaling unimaginable heights with the peerlessMachine Learning... Loss Functions inMachine Learning: AComprehensive Guide... Learning UsingPython, Neural NetworkMachine Learning Pythonis ..."
7,8,A Guide to Solving Social Problems with Machine Learning,https://hbr.org/2016/12/a-guide-to-solving-social-problems-with-machine-learning,"08-Dec-2016 —In fact, applyingaknownmachine learningalgorithm toadataset is often the most straightforward part of these projects. The part that's much ..."
7,9,Machine Learning with Python Tutorial - Tutorialspoint,https://www.tutorialspoint.com/machine_learning_with_python/index.htm,"In simple words, ML isatype ofartificial intelligencethat extract patterns out of raw data by using an algorithm or method. The key focus of ML is to allow computer ..."
7,10,Deep Learning: A Comprehensive Guide to Python Coding ...,https://www.amazon.co.uk/Deep-Learning-Comprehensive-Programming-Networks-ebook/dp/B085ZZ4CZX,Deep Learning: AComprehensive GuidetoPythonCoding and ProgrammingMachine LearningandNeural Networksfor Data Analysis (PythonProgramming...
8,1,Introduction to Machine Learning with Python - nora ...,http://noracook.io/Books/Python/introductiontomachinelearningwithpython.pdf,Andreas C. Müller & Sarah Guido. Introduction to.Machine.LearningwithPython.A GUIDEFOR DATA SCIENTISTS powered by ...
8,2,Browse Books: Computers / Neural Networks | BOOK ENDS ...,https://bookendswinchester.indielite.org/browse/book/COM044000?page=8,Artificial IntelligencewithPythonCookbook: Proven recipes for applying AI ...Deep Learning: AComprehensive GuidetoPythonCoding and Programming ...
8,3,The Ultimate Guide to Linear Regression for Machine Learning,https://www.keboola.com/blog/linear-regression-machine-learning,17-Aug-2020 —Discover everything about linear regression formachine learning. From its business applications to training and improvement of the model.
8,4,How to Start Learning Machine Learning? - GeeksforGeeks,https://www.geeksforgeeks.org/how-to-start-learning-machine-learning/,"11-Sep-2019 —But there is stillalot of doubt about what exactly isMachine Learningand how to start learning it? ... So if you want to learn ML, it's best if you learnPython! ... If you wantaself-studyguide to Machine Learning, then Machine ..."
8,5,Machine learning 101 & data science: Tips from an industry ...,https://www.educative.io/blog/machine-learning-for-data-science,27-Oct-2019 —This course is yourcomprehensive guideto getting your start as a data ... MasterPythonandMachine Learningbefore your next data science ...
8,6,Python Machine Learning Tutorial - Python-Course.eu,https://www.python-course.eu/machine_learning.php,Machine LearningwithPython:Tutorialwith Examples and Exercises using ... This means that the learn data has to be labelled byahuman being beforehand.
8,7,KERAS Tutorial: DEEP LEARNING in PYTHON - DataCamp,https://www.datacamp.com/community/tutorials/deep-learning-python,"Deep Learning. By now, you might already knowmachine learning,abranch in computer science that studies the design of algorithms that can learn. Today ..."
8,8,Machine learning: A cheat sheet - TechRepublic,https://www.techrepublic.com/article/machine-learning-the-smart-persons-guide/,10-Dec-2020 —... across the world are pouring resources into developing AI systems withmachine learning. Thiscomprehensive guideexplains what machine ...
8,9,A Machine Learning Tutorial with Examples | Toptal,https://www.toptal.com/machine-learning/machine-learning-theory-an-introductory-primer,"Amajor reason for this is that ML is just plain tricky. ThisMachine Learning tutorialintroduces the basics of ML theory, laying down the common themes and..."
8,10,Machine Learning in Python - PyImageSearch,https://www.pyimagesearch.com/2019/01/14/machine-learning-in-python/,14-Jan-2019 —It's extremely common to needanon-linear model when performingmachine learningwithPythonin the real world — the rest of thistutorialwill ...
9,1,7 great books about machine learning for beginners,https://www.tableau.com/learn/articles/books-about-machine-learning,The book introducesalittle coding inPythonand R used to teach machines to find ... This is more ofapractical fieldguidefor implementingmachine learning...
9,2,Book Review: Python Machine Learning - Third Edition by ...,https://insidebigdata.com/2020/02/19/book-review-python-machine-learning-third-edition-by-sebastian-raschka-vahid-mirjalili/,"19-Feb-2020 —The book is acomprehensive guide to machine learninganddeep learningwithPython. It acts as both a step-by-step tutorial, and a useful ..."
9,3,a comprehensive guide to chatbot machine learning - Cyfuture,https://cyfuture.com/blog/a-comprehensive-guide-to-chatbot-machine-learning/,27-Nov-2020 —ChatbotMachine Learningisafuturistic concept of powering these ... Developed chatbot usingdeep learning pythonuse the programming ...
9,4,Best Machine Learning Books (Updated for 2020),https://blog.floydhub.com/best-machine-learning-books/,"05-Mar-2020 —The list of the bestmachine learning&deep learningbooks for 2020. ...Deep Learningby Andrew W. Trask;Deep LearningwithPythonby ... usingmachine learning, thisguidewalks you through creatingaseries of TinyML ..."
9,5,"[Tutorial] OCR in Python with Tesseract, OpenCV and ...",https://nanonets.com/blog/ocr-with-tesseract/,"08-Mar-2021 —Acomprehensive tutorialon getting started with Tesseract and OpenCV for OCR inPython: preprocessing,deep learningOCR, text extraction ..."
9,6,Machine Learning Interview Book,http://eiw.insidegraphicjournalism.it/machine-learning-interview-book.html,"7 rather thanPython3, but there's stillalot of valuable wisdom here. But we also ...Deep LearningIllustrated:AVisual, InteractiveGuide to Artificial Intelligence."
9,7,"Cheat Sheets for AI, Neural Networks, Machine Learning ...",https://becominghuman.ai/cheat-sheets-for-ai-neural-networks-machine-learning-deep-learning-big-data-678c51b4b463,09-Jul-2017 —Ultimate Guideto Leveraging NLP &Machine Learningfor your Chatbot ... a free softwaremachine learninglibrary for thePythonprogramming ...
9,8,Machine Learning Algorithms For Beginners with Code ...,https://towardsai.net/p/machine-learning/machine-learning-algorithms-for-beginners-with-python-code-examples-ml-19c6afd60daa,"03-Jun-2020 —Bestmachine learning(ML) algorithms for beginners with coding ... However, to make sure that we providealearning path to those who seek ... Check out ourtutorialdiving into simple linear regression with math andPython."
9,9,"Python Machine Learning Tutorial, Scikit-Learn: Wine Snob ...",https://elitedatascience.com/python-machine-learning-tutorial-scikit-learn,Step-by-stepPython machine learning tutorialfor buildingamodel from start to finish using Scikit-Learn. We'll have some fun and predict wine quality!
9,10,Ultimate Guide to Object Detection Using Deep Learning ...,https://www.upgrad.com/blog/ultimate-guide-to-object-detection-using-deep-learning/,Home >Artificial Intelligence>Ultimate Guideto Object Detection UsingDeep Learning[2021]. Table of Contents. Introduction; Object Detection; What is an ...
